<?xml version='1.0' encoding='utf-8'?>
<interface version="1.3">
  <object class="tk.Toplevel" id="toplevel1">
    <property name="height">200</property>
    <property name="width">200</property>
    <child>
      <object class="ttk.Frame" id="frame_main" named="True">
        <property name="height">200</property>
        <property name="width">200</property>
        <layout manager="grid">
          <property name="column">0</property>
          <property name="row">0</property>
          <property name="sticky">ew</property>
        </layout>
        <child>
          <object class="ttk.Label" id="label1">
            <property name="text" translatable="yes">What is your favorite pogramming lenguje?</property>
            <layout manager="grid">
              <property name="column">0</property>
              <property name="row">0</property>
              <property name="sticky">ew</property>
            </layout>
          </object>
        </child>
        <child>
          <object class="ttk.Entry" id="entry_answer" named="True">
            <layout manager="grid">
              <property name="column">0</property>
              <property name="row">1</property>
            </layout>
          </object>
        </child>
        <child>
          <object class="ttk.Button" id="button_answer" named="True">
            <property name="command" type="command" cbtype="simple">function_clicked</property>
            <property name="text" translatable="yes">Subit Answer</property>
            <layout manager="grid">
              <property name="column">0</property>
              <property name="row">2</property>
            </layout>
          </object>
        </child>
      </object>
    </child>
  </object>
</interface>
